ArkLib	data/lean/ArkLib
Clear	data/lean/Clear
CompPoly	data/lean/CompPoly
CvxLean	data/lean/CvxLean
FLoPS	data/lean/FLoPS
FVIntmax	data/lean/FVIntmax
Foundation	data/lean/Foundation
LNSym	data/lean/LNSym
Lentil	data/lean/Lentil
LeroyCompilerVerificationCourse	data/lean/LeroyCompilerVerificationCourse
SampCert	data/lean/SampCert
SizzLean	data/lean/etheorem
TTBFL	data/lean/TTBFL
TensorLib	data/lean/TensorLib
TorchLean	data/lean/TorchLean
VCV-io	data/lean/VCV-io
aeneas	data/lean/aeneas/backends/lean
btc-verified	data/lean/btc-verified
capless-lean	data/lean/capless-lean
cedar-spec	data/lean/cedar-spec
clean	data/lean/clean
cslib	data/lean/cslib
curve25519-dalek-lean-verify	data/lean/curve25519-dalek-lean-verify
dolev-yao	data/lean/dolev-yao
evm-asm	data/lean/evm-asm
formal-snarks-project	data/lean/formal-snarks-project
hax-proof-libs-lean	data/lean/hax/hax-lib/proof-libs/lean
hex-dev	data/lean/hex-dev
iris-lean	data/lean/iris-lean
jolt-tla	data/lean/jolt-tla
juvix-lean	data/lean/juvix-lean
lampe	data/lean/lampe
lean-formal-reasoning-program	data/lean/lean-formal-reasoning-program
lean-mlir	data/lean/lean-mlir
lean-yjs	data/lean/lean-yjs
lean-zip	data/lean/lean-zip
lean4lean	data/lean/lean4lean
loom	data/lean/loom
nickelean	data/lean/nickelean
proven-zk	data/lean/proven-zk
ryu-lean4	data/lean/ryu-lean4
shortest-decimal	data/lean/shortest-decimal
sparkle	data/lean/sparkle
splean	data/lean/splean
starkware-formal-proofs	data/lean/starkware-formal-proofs
veil	data/lean/veil
verified-compiler	data/lean/verified-compiler
verity	data/lean/verity
yul-semantics	data/lean/yul-semantics
apc-optimizer	data/lean/apc-optimizer
yul-compiler	data/lean/yul-compiler
leanda	data/lean/leanda
verified-consensus	data/lean/verified-consensus
posix-parsing	data/lean/posix-parsing
posix-submatching	data/lean/posix-submatching
adler-proofs	data/lean/adler-proofs
symcrust	data/lean/symcrust
