name	language	url	revision	path	toolchain
ArkLib	lean	https://github.com/Verified-zkEVM/ArkLib	5a83bfb4383503d70d7b5a05355d396855b3151b	data/lean/ArkLib	leanprover/lean4:v4.30.0
Clear	lean	https://github.com/NethermindEth/Clear	6ef2e7eda01080e5d5fd7474354c1a71adab5071	data/lean/Clear	leanprover/lean4:v4.9.1
CompPoly	lean	https://github.com/Verified-zkEVM/CompPoly	e95ba1b1cac21ac3e980725abcfb2a0c707d1062	data/lean/CompPoly	leanprover/lean4:v4.31.0
CvxLean	lean	https://github.com/verified-optimization/CvxLean	c62c2f292c6420f31a12e738ebebdfed50f6f840	data/lean/CvxLean	leanprover/lean4:v4.8.0-rc1
FLoPS	lean	https://github.com/rutgers-apl/FLoPS	95081ac643663da507115abe23ebd5701433587f	data/lean/FLoPS	leanprover/lean4:v4.28.0
FVIntmax	lean	https://github.com/NethermindEth/FVIntmax	d7c4cbc5ec449471952ac5468f3b55bf61f5868e	data/lean/FVIntmax	leanprover/lean4:v4.14.0-rc2
Foundation	lean	https://github.com/FormalizedFormalLogic/Foundation	87d4dd68835a6c1eb8448b9c392d9ca51fe08d63	data/lean/Foundation	leanprover/lean4:v4.31.0
LNSym	lean	https://github.com/leanprover/LNSym	5c05220ff970e3bdd7813ad0c9ef3741522c8b92	data/lean/LNSym	leanprover/lean4:nightly-2024-10-07
Lentil	lean	https://github.com/verse-lab/Lentil	bc3bc567928c4a4d0158496b7c18412f10b3304f	data/lean/Lentil	leanprover/lean4:v4.31.0
LeroyCompilerVerificationCourse	lean	https://github.com/leanprover/LeroyCompilerVerificationCourse	a2730e7f9228b9d7ecf4510f1f8652f2cae7ba01	data/lean/LeroyCompilerVerificationCourse	leanprover/lean4:v4.23.0-rc2
SampCert	lean	https://github.com/leanprover/SampCert	6e2392c165652063fefc628d8f047b77ca393b0f	data/lean/SampCert	leanprover/lean4:v4.29.0
SizzLean	lean	https://github.com/etheorem/etheorem	032ab6c6d67186ba60b734e0f2c44ba1bb8b6fb0	data/lean/etheorem	leanprover/lean4:v4.29.1
TTBFL	lean	https://github.com/ionathanch/TTBFL	274b8d0410b7c1671f15f140e75634065bb06bf9	data/lean/TTBFL	leanprover/lean4:v4.29.0
TensorLib	lean	https://github.com/leanprover/TensorLib	5eedd07b028057a317ae2fffbe48d6781bb34aff	data/lean/TensorLib	leanprover/lean4:v4.23.0
TorchLean	lean	https://github.com/lean-dojo/TorchLean	a0c5bdf2bb02c25b270a2c89a12ad2335c86c530	data/lean/TorchLean	leanprover/lean4:v4.31.0
VCV-io	lean	https://github.com/Verified-zkEVM/VCV-io	24fe01dbaf899b7bb2b19453ae2ada61b49b4255	data/lean/VCV-io	leanprover/lean4:v4.30.0
aeneas	lean	https://github.com/AeneasVerif/aeneas	483333f74278333101795c4e55dbf09e50763f37	data/lean/aeneas/backends/lean	leanprover/lean4:v4.31.0
btc-verified	lean	https://github.com/ProofOfKeags/btc-verified	251ae35b2caf564608f0c6bc35933d7837bfe0c4	data/lean/btc-verified	leanprover/lean4:v4.30.0-rc2
capless-lean	lean	https://github.com/Linyxus/capless-lean	9beeba12d520c447791349f079256254fc413f1b	data/lean/capless-lean	leanprover/lean4:v4.21.0-rc3
cedar-spec	lean	https://github.com/cedar-policy/cedar-spec.git	795ddccff61c83aeb5d6a7ccd22abf5e00164c73	data/lean/cedar-spec	leanprover/lean4:v4.31.0
clean	lean	https://github.com/Verified-zkEVM/clean	1e563b9c27991b3795eb440c1ee0757edb4ce8b1	data/lean/clean	leanprover/lean4:v4.30.0
cslib	lean	https://github.com/leanprover/cslib	c0120dddfe75d4ab913691c0c184fc436927b19d	data/lean/cslib	leanprover/lean4:v4.32.0-rc1
curve25519-dalek-lean-verify	lean	https://github.com/Beneficial-AI-Foundation/curve25519-dalek-lean-verify	b9fae801a9e47ac522ea6455a28b78e1d1e1fda5	data/lean/curve25519-dalek-lean-verify	leanprover/lean4:v4.30.0-rc2
dolev-yao	lean	https://github.com/metareflection/dolev-yao	cc9d1a6dd800c1debc0a8cc9b7d2e331b84bd30c	data/lean/dolev-yao	leanprover/lean4:v4.29.0-rc6
evm-asm	lean	https://github.com/Verified-zkEVM/evm-asm	7d5875858bc3727250adb6880c8339048365b1b6	data/lean/evm-asm	leanprover/lean4:v4.30.0-rc1
formal-snarks-project	lean	https://github.com/BoltonBailey/formal-snarks-project	67ccc51f80693fce005979a333972b358dfbe83d	data/lean/formal-snarks-project	leanprover/lean4:v4.30.0
hax-proof-libs-lean	lean	https://github.com/cryspen/hax	dbd2026cc871063a455da37f88ade8f4167271bc	data/lean/hax/hax-lib/proof-libs/lean	leanprover/lean4:v4.29.0-rc1
hex-dev	lean	https://github.com/kim-em/hex-dev	8c974172dea442251aead59be634e19753c37b2f	data/lean/hex-dev	leanprover/lean4:v4.32.0-rc1
iris-lean	lean	https://github.com/leanprover-community/iris-lean	5a790aed0dcad30219aa218c88a7fd306c092fae	data/lean/iris-lean	
jolt-tla	lean	https://github.com/CharlesHoskinson/jolt-tla	3918257edd8333d79e21d813a2fa70761aba538f	data/lean/jolt-tla	
juvix-lean	lean	https://github.com/anoma/juvix-lean	f202e04219a84ce8f56b2c3fffa3409237c5daea	data/lean/juvix-lean	leanprover/lean4:v4.19.0-rc2
lampe	lean	https://github.com/reilabs/lampe	919a38712d22d05fc83e59af17ef57077abda1e0	data/lean/lampe	
lean-formal-reasoning-program	lean	https://github.com/andaraiwin/lean-formal-reasoning-program	4a12da01571e50e52075d52808f76e029be0e7c9	data/lean/lean-formal-reasoning-program	leanprover/lean4:v4.9.0-rc2
lean-mlir	lean	https://github.com/opencompl/lean-mlir	96baaa07cb7466e2057539f6b5d65d648803421f	data/lean/lean-mlir	leanprover/lean4:nightly-2025-12-01
lean-yjs	lean	https://github.com/iasakura/lean-yjs	ac087458509b7363b89da76d157f13d02761fd6a	data/lean/lean-yjs	leanprover/lean4:v4.26.0-rc2
lean-zip	lean	https://github.com/kim-em/lean-zip	9e62f214671be676cc580110c9b8ca74eac21b3d	data/lean/lean-zip	leanprover/lean4:v4.30.0-rc2
lean4lean	lean	https://github.com/digama0/lean4lean	8865b155abbf68d3a827fb3568bf6839780163c2	data/lean/lean4lean	leanprover/lean4:v4.29.0
loom	lean	https://github.com/verse-lab/loom	78928abc9054b31d0bea85985496490baae95244	data/lean/loom	leanprover/lean4:v4.24.0
nickelean	lean	https://github.com/lexicone42/nickelean	9938f56b642143ad18af83b8851a7a1b04f50a91	data/lean/nickelean	leanprover/lean4:v4.29.0-rc6
proven-zk	lean	https://github.com/reilabs/proven-zk	fd156e1a0a0771271b7871972f428b0c93b5b56e	data/lean/proven-zk	leanprover/lean4:v4.29.1
ryu-lean4	lean	https://github.com/lexicone42/ryu-lean4	5dd60fd7a0f08822a6efa0f97e585ce8efa270d4	data/lean/ryu-lean4	leanprover/lean4:v4.29.0-rc4
shortest-decimal	lean	https://github.com/lexicone42/shortest-decimal	4d5ea2d583f5fae86413317b4b01ebc4c4c91e4b	data/lean/shortest-decimal	leanprover/lean4:v4.29.0-rc6
sparkle	lean	https://github.com/Verilean/sparkle	73bbc74ac3244ea44b7846c212dbfd42786eff27	data/lean/sparkle	leanprover/lean4:v4.28.0
splean	lean	https://github.com/verse-lab/splean	e24286f51bd9ee207197d47ec587d592cdfb0ddc	data/lean/splean	leanprover/lean4:v4.11.0
starkware-formal-proofs	lean	https://github.com/starkware-libs/formal-proofs	d0dd8279612a248cbc6bf6d286030bf0bb2a37ff	data/lean/starkware-formal-proofs	leanprover/lean4:v4.13.0-rc3
veil	lean	https://github.com/verse-lab/veil	6a12daa8d3e0e8a9808a40ecab17ca030b557063	data/lean/veil	leanprover/lean4:v4.24.0
verified-compiler	lean	https://github.com/marcusrossel/verified-compiler	6940e67e5ec2d846310a927c2211d2b94f69162c	data/lean/verified-compiler	leanprover/lean4:v4.29.0
verity	lean	https://github.com/lfglabs-dev/verity	eeb7a3abe85dd88cc8ee2ece5a77da9b2aba2978	data/lean/verity	leanprover/lean4:v4.22.0
wadray_verification	lean	https://github.com/lindy-labs/wadray_verification	2e0d2e5d2397fd3cdfd1ff289674e915d5ed5905	data/lean/wadray_verification	leanprover/lean4:v4.9.0-rc2
yul-semantics	lean	https://github.com/powdr-labs/yul-semantics	f4e6187d684c0ebaee751750c5c368a4226abb73	data/lean/yul-semantics	leanprover/lean4:v4.31.0
